sample_id,mse_pretrained,mse_finetuned,improvement_percent
0,0.060210198163986206,0.06347689032554626,-5.425479837499895
1,0.09545354545116425,0.094154953956604,1.3604434370759124
