sample_id,mse_pre,mse_ft,improvement_%
654,0.002060811035335064,0.0027540861628949642,-33.64088775421241
114,0.000965943094342947,0.001371626858599484,-41.99872292813518
25,0.0018114587292075157,0.003024075645953417,-66.9414597486848
759,0.0009206366958096623,5.080948903923854e-05,94.48104879858562
281,0.0006415531970560551,7.906158862169832e-05,87.67653409549516
