{
  "config": {
    "dataset_name": "mnist",
    "data_folder": "C:\\Users\\NADAVSI\\Documents\\GitHub\\Fourier-phase-retrieval\\Fourier-phase-retrieval-using-physics-enhanced-deep-learning-main\\train_MINST_128",
    "crop_size": 128,
    "fft_size": 300,
    "batch_size": 8,
    "workers": 0,
    "train_split": 0.9,
    "pretrain_epochs": 20,
    "finetune_epochs": 50,
    "pretrain_lr": 0.001,
    "finetune_lr": 0.0001,
    "window_enabled": true,
    "seed": 42,
    "device": "cuda"
  },
  "stage1": {
    "train_loss": [
      0.23632265461815727,
      0.1926043944226371,
      0.15396718184153238,
      0.13511728909280565,
      0.12112823459837171,
      0.11380282127194935,
      0.10745835966534084,
      0.1046540273560418,
      0.10222126377953424,
      0.10229000118043688,
      0.09800347354676989,
      0.0953879455725352,
      0.09400293313794666,
      0.09187592897150251,
      0.08933878441651662,
      0.0854493495490816,
      0.0922411431868871,
      0.08888888359069824,
      0.08943153503868315,
      0.08947688010003832
    ],
    "val_loss": [
      0.24294665455818176,
      0.22943982481956482,
      0.20867428183555603,
      0.18821492791175842,
      0.17280778288841248,
      0.16883647441864014,
      0.20604845881462097,
      0.2028043568134308,
      0.17693789303302765,
      0.15123993158340454,
      0.1435282826423645,
      0.14132705330848694,
      0.1392856389284134,
      0.13822424411773682,
      0.13996544480323792,
      0.14233005046844482,
      0.25988203287124634,
      0.20086857676506042,
      0.2774272859096527,
      0.25482460856437683
    ]
  },
  "stage2": {
    "train_loss": [
      0.0007384329930775695,
      0.0005873841388771931,
      0.0006505540158185693,
      0.0007386254405395852,
      0.0006183781790443592,
      0.00056788411974493,
      0.0006977130348483721,
      0.0006807559790710608,
      0.0005769597676893076,
      0.0006710711168125272,
      0.0005333983313499226,
      0.0007482795044779778,
      0.0005934401673989163,
      0.0005860202169666687,
      0.0006455238391127852,
      0.0006419122736487123,
      0.0006513207141930858,
      0.0006302726299812397,
      0.0004984766969250308,
      0.0006188180025977393,
      0.00048003491893824603,
      0.0005280671046218938,
      0.000603615959537112,
      0.0006004838570435015,
      0.0006038260956605276,
      0.0006846518566211065,
      0.0005895045404839846,
      0.0004562071990221739,
      0.0005721699174803992,
      0.0006602133055114084,
      0.0004927274486463931,
      0.000509398614263369,
      0.0004094611956841416,
      0.0005520338761723704,
      0.0006278448789897892,
      0.0004681772293729915,
      0.00046038107636074227,
      0.0004858513776626852,
      0.0005520456987950536,
      0.00038527730309093994,
      0.0004141219477686617,
      0.0006004464812576771,
      0.0003711272018133766,
      0.000455618706635303,
      0.00038425813222097024,
      0.00042782864895545773,
      0.00045041492881460325,
      0.0003578407922759652,
      0.00044367092454599007,
      0.000508015115176224
    ],
    "val_loss": [
      0.0017645363695919514,
      0.0017649732762947679,
      0.0017675507115200162,
      0.0017687228973954916,
      0.0017698631854727864,
      0.0017672160174697638,
      0.0017668753862380981,
      0.0017688547959551215,
      0.0017720690229907632,
      0.0017697642324492335,
      0.0017635016702115536,
      0.001755508128553629,
      0.0017465332057327032,
      0.001726026413962245,
      0.0016873098211362958,
      0.0016108941053971648,
      0.0015144504141062498,
      0.001454696524888277,
      0.0014107199385762215,
      0.001384451170451939,
      0.0013462515780702233,
      0.0012951692333444953,
      0.001284599769860506,
      0.0012807452585548162,
      0.0012730523012578487,
      0.0012594311265274882,
      0.0012678257189691067,
      0.0012578652240335941,
      0.0012499050935730338,
      0.0012179004261270165,
      0.0011884805280715227,
      0.0011893603950738907,
      0.001218345481902361,
      0.0012409916380420327,
      0.0012275531189516187,
      0.0011864106636494398,
      0.001148516545072198,
      0.0011727935634553432,
      0.0011406089179217815,
      0.0011692423140630126,
      0.0011888558510690928,
      0.0011969399638473988,
      0.001233009505085647,
      0.001203780178911984,
      0.0011454039486125112,
      0.001067828037776053,
      0.0010469760745763779,
      0.0010679148836061358,
      0.001063210773281753,
      0.001054166816174984
    ]
  }
}